wavelength,CEILING,DAY LIGHT,FLUO_2700k,LED_2700k,LED_4000k,LED_6500k,mean_albedo
380.0,0.0189789190333605,0.0007641477958223,0.0,0.0,0.0221317321186187,0.0115054429595539,0.008896706984559232
381.0,0.0271875284686161,0.0009042576158039,0.0018527478156928,0.0,0.0249486498672411,0.1068644228940863,0.026959601110240036
382.0,0.0288339337973812,0.0009466013324781,0.0,0.0,0.0120016002133617,0.0688108176418551,0.018432158830846018
383.0,0.0323407623919132,0.0009655323405692,0.0003668712156606,0.0,0.0144355867875433,0.1144845424313339,0.0270988825278367
384.0,0.0358817934336974,0.0009854358563921,0.0,0.0,0.014011083885609,0.1680709255533198,0.03649153978816971
385.0,0.0471400296531714,0.00114054192858,0.001081289081289,0.047967636293585,0.0245238716410122,0.1807432432432432,0.050432768640146806
386.0,0.042359139113686,0.001300613350558,0.0,0.0,0.0037958527408045,0.059224487171243,0.017780015396048583
387.0,0.0379842124522975,0.0014493842431868,0.0032669431766113,0.0,0.0,0.0285012285012284,0.011866961395554
388.0,0.0474872801928055,0.0017952635133562,0.0111742878507837,0.0,0.0304038079626769,0.1009795289456306,0.031973361410875485
389.0,0.0539625197561526,0.0019337378365867,0.0144927536231884,0.1471622300351582,0.0467602491400948,0.1278739343838801,0.06536423746251013
390.0,0.0541712832933941,0.0018535493759287,0.0168046433316657,0.2409073865766779,0.0500514174328119,0.1591162460727678,0.08715075434720769
391.0,0.0528280770475033,0.0018529086562284,0.0156882736025751,0.2759569103827641,0.0466814389601891,0.1486784681017996,0.09028101279184327
392.0,0.0553623775275755,0.0018441350116257,0.0219772305808782,0.039859693877551,0.0511852196142226,0.1218590591347062,0.04868128595775986
393.0,0.071634438581337,0.002114132006041,0.0523635751516499,0.6762633078422553,0.0993521086039451,0.2238857670695096,0.18760222154245632
394.0,0.0992778880309524,0.0023819731294278,0.073276870237465,0.7916966858789625,0.1348463493669666,0.3314117173883898,0.23881524733869397
395.0,0.1100639348063736,0.002458964201692,0.0785420613746794,0.844263698630137,0.1405787325505619,0.3280723703204696,0.2506632936473189
396.0,0.0985240902622484,0.0023857388905593,0.0699612646082578,0.8624777090108046,0.1102169388141271,0.27734375,0.2368182485976662
397.0,0.0826704679698206,0.002442078610844,0.0589631949071947,0.8056174214303391,0.0963007639726578,0.23917951979647,0.2141955744478877
398.0,0.0767297094281528,0.0026683185105257,0.0583741166994154,0.6598240469208211,0.0977902455829519,0.2198205420739415,0.1858678298693014
399.0,0.0635722718839602,0.0027492839785469,0.0465529292981593,0.7065717415115006,0.0876294317807617,0.1994388801737661,0.18441908977111576
400.0,0.0225628736887855,0.0027292078903385,0.00880231960194,0.5872430152872958,0.0580663472294104,0.1739798686034597,0.14223060538353832
401.0,0.0083260350318471,0.0025628843020215,0.0043377701069701,0.2563426019890399,0.0365427317920229,0.0875119674485399,0.0659373317784069
402.0,0.0050593779966926,0.0023445147397581,0.0031800687838433,0.0,0.0069922713309862,0.0,0.0029293721418800333
403.0,0.0047775489954819,0.0023543099930017,0.0034025054311342,0.0,0.0028030619004391,0.001975362835743,0.00255213152596665
404.0,0.0054883881943433,0.0024022727208248,0.0037935033456853,0.0,0.0121411640769028,0.0467149459240554,0.0117567123769686
405.0,0.0063713787847657,0.0025181664718833,0.0043211607640512,0.0180629623258214,0.0204791625088448,0.085403882909164,0.0228594522940884
406.0,0.0066900079026108,0.0025963916093168,0.0044742464379749,0.1486388384754991,0.0239022153012575,0.1040225528285795,0.048387375425873104
407.0,0.0067473642250771,0.0025902597387604,0.0046205058925554,0.0,0.0210277223929101,0.0897049118506646,0.020781794016661265
408.0,0.0063950168260207,0.0026246614010848,0.0046551991109619,0.0,0.0179220633445787,0.0635628198778273,0.015859960093412232
409.0,0.00841901074086,0.0026686812835576,0.0063054025666259,0.0,0.0176671318302734,0.0593616711903838,0.015736982935283448
410.0,0.0170541216142679,0.0028127807092005,0.0141631945906476,0.280453542042946,0.0202227307108639,0.0763525395676011,0.06850981820592117
411.0,0.0190743958661969,0.0028886100159532,0.0175502821256482,0.2646269907795474,0.0200699652268632,0.0674828520582001,0.06528218267873483
412.0,0.0190366542047009,0.0029051940958674,0.0251402707905632,0.259478672985782,0.0176537204812119,0.0472628092733294,0.061912886971909116
413.0,0.0173270866831067,0.0028347118988199,0.0295677140821259,0.1442670537010159,0.0134142441237466,0.0287445235487404,0.03935922233959257
414.0,0.0145142416017743,0.0027248126925376,0.0246248067413122,0.0958589882892671,0.0080436226505833,0.0159239517990741,0.02694840396242477
415.0,0.0139547406591266,0.0027537691828957,0.0249910236165752,0.2027979854504756,0.0081335074674574,0.0200628551474556,0.045448980253997684
416.0,0.0139028289577448,0.0028276672898149,0.0300876636159835,0.3172740888666999,0.0094670170473687,0.0256668944295914,0.0665376933678672
417.0,0.0132575629484847,0.0028641508363955,0.0325927363553515,0.3354457419538593,0.0085803237339704,0.0261230036830339,0.06981058658518254
418.0,0.0136770162950011,0.0029042546479983,0.0403685181718503,0.3173634421727189,0.0091340185014048,0.0248476555887829,0.06804915089629271
419.0,0.0135998376318301,0.002921538635116,0.0502722014290575,0.368438856627389,0.0086968890673895,0.0262744098745789,0.07836728887756018
420.0,0.0118922923638964,0.0029207012381837,0.0507111433602094,0.3695078839571292,0.0071856034905375,0.0258953152920702,0.07801882328367106
421.0,0.0102039583626955,0.0029353418170473,0.0554352842919624,0.318700423774856,0.0066301559262685,0.0241378891493677,0.06967384222036624
422.0,0.0088900769915888,0.0029613466002497,0.0542193374026229,0.2432824591573516,0.0055617524559511,0.0206832447470783,0.05593303622580706
423.0,0.0084500399575532,0.0030352682554467,0.0589873432440131,0.2596770186335403,0.0055112647182182,0.0185779611888224,0.05903981599959898
424.0,0.0093949782058484,0.0030923468283113,0.0596911730813551,0.2278121654954158,0.0049579283349369,0.0184579195157871,0.05390108524360911
425.0,0.0084558096130874,0.0029847855440832,0.0427272001914944,0.124659172446783,0.0033689237730649,0.0148004020269106,0.03283271559923725
426.0,0.0081546870953776,0.0028570924779616,0.0353422660142054,0.1183742183742183,0.0026043250549079,0.0130455869381577,0.03006302932580475
427.0,0.006856382943506,0.0027096638420262,0.0249046692299172,0.066582364670979,0.0019626755582577,0.0107593627146699,0.018962519826559335
428.0,0.0068381042772848,0.0026642112002604,0.0236580836659794,0.0212046430856411,0.0018541533564943,0.0092006196878577,0.010903302545586283
429.0,0.0072677725499284,0.0027013278800431,0.0261733391391955,0.0691132487268612,0.001905669520167,0.0091959214359015,0.01939287987534945
430.0,0.0066375756201918,0.0026984499366057,0.0174510137486274,0.0546920649760429,0.0016702578393954,0.0086994386380565,0.015308133459819948
431.0,0.0071711717712939,0.0026752889006225,0.0082398217215597,0.0499315752487332,0.0014639714423507,0.007576120278921,0.012842991560580169
432.0,0.0062722542367697,0.0027190252885136,0.0082395076547585,0.0513123177336481,0.0014607260310522,0.006580918464596,0.01276412490155635
433.0,0.0054353636525277,0.0028726372191919,0.0070113512708965,0.1101825109076384,0.0019157211157791,0.0070225627862594,0.022406691158715502
434.0,0.0050256803801582,0.002918774917928,0.0053174325722504,0.0626831217260055,0.0016823172898462,0.0062356118797438,0.013977156460988682
435.0,0.0050491180404109,0.002957805735859,0.0049223763648321,0.0688719870253341,0.001756628696308,0.0058721734282342,0.014905014881829716
436.0,0.0049158692827522,0.0029288225884954,0.0047752283820015,0.0578101795598757,0.0016779378154896,0.0056219294721335,0.012954994516791316
437.0,0.0048565271456002,0.0029117533950792,0.0047434928155435,0.0692706743973146,0.0016327179117262,0.0054917758269356,0.014817823582033216
438.0,0.0048683998379821,0.0028820663213089,0.0047767952849717,0.0745609938352325,0.0017029321195875,0.0054523925534935,0.015707263325429367
439.0,0.0041622732687692,0.0027285025902938,0.0040550267835308,0.0075121725017389,0.0012811623307629,0.0045928565049746,0.004055332330011699
440.0,0.0031075208166125,0.0026675593232781,0.0020544458659067,0.0,0.0011999894137292,0.0045858692732255,0.0022692307821253334
441.0,0.003202513376677,0.0026219778156313,0.0005911553844945,0.0,0.0010941738846456,0.0043171283591394,0.0019711581367646332
442.0,0.0038042437388372,0.0026171024961739,0.0,0.0083822613226604,0.0010252668088984,0.0044162721288504,0.00337419108257005
443.0,0.0038332888902281,0.0026592033689052,0.0,0.0024106487789539,0.0009828535248025,0.0046047618114641,0.0024151260623923
444.0,0.0040227146238247,0.002634913889386,0.0,0.0184623818891289,0.0009637092729061,0.0046318738186577,0.005119265582317233
445.0,0.0042355254265995,0.002647440206009,0.0,0.008251883906588,0.000918266618062,0.0046287702427306,0.0034469810666648503
446.0,0.0039676568740585,0.0026293592847248,0.0,0.0112313268892794,0.0009301564759051,0.0046947318135987,0.003908871889594417
447.0,0.0047601765991798,0.0026961067212618,0.0,0.0224959562025631,0.0010482738666234,0.0049547269439269,0.0059925400555925
448.0,0.0040256960291583,0.0026862760911064,0.0,0.0145666339888126,0.0010023590526388,0.0050442283923361,0.004554198925675367
449.0,0.00296501262349,0.0026567022458047,0.0,0.01656668601776,0.000967422430058,0.0050925902508358,0.0047080689279914165
450.0,0.0026453599761576,0.0026159115208428,0.0,0.0096469073441291,0.0009629487382866,0.0051203822638483,0.0034985849738774
451.0,0.0035771930142725,0.0026110206550238,0.0,0.0229248940255787,0.001006694011268,0.005239046438368,0.0058931413574184995
452.0,0.0038820648265818,0.0026562845868347,0.0031104286859426,0.0322064679518152,0.0010769868797064,0.0052681412283454,0.00803339569320435
453.0,0.0040840294704469,0.0026479035478058,0.009379352864613,0.0362337390333015,0.0010913399193209,0.0052847212685067,0.009786847683999135
454.0,0.003567369706404,0.0026375932596151,0.0046092797855934,0.0343066389767448,0.0010350255151528,0.0052949667858054,0.008575145671552582
455.0,0.0037174909811098,0.0026513390266408,0.0068399452804377,0.0460032809410972,0.0010754675600545,0.0053645548034652,0.010942013098800865
456.0,0.004373091329613,0.0026554949407295,0.0094818197172926,0.0498777243288274,0.0011003377680888,0.0053760945016206,0.012144093764361983
457.0,0.0047654023296389,0.0026975559881074,0.0117225468726212,0.0472591519328542,0.0011431609616108,0.0053367580789729,0.012154096027300899
458.0,0.005027497950949,0.0027582483183397,0.0099019271492623,0.0576351752822341,0.0011475610898637,0.0053865033109553,0.01364281885026735
459.0,0.0048340612753177,0.0027808587634245,0.0085289107599129,0.0548792026745726,0.0011589862883477,0.0054903794539463,0.012945399869253615
460.0,0.0049115381066617,0.0028098332216176,0.0084527404367443,0.0541193540247287,0.0011641623970395,0.0057158889465671,0.012862252855559817
461.0,0.0060556752255249,0.0028349493801183,0.0105507561190506,0.0654136338584921,0.0012274541180841,0.0058228430743619,0.015317551962605315
462.0,0.0068404306099447,0.0028561516597726,0.0141883529080545,0.0654437219759584,0.0012405951808363,0.0059068541224195,0.016079351076164334
463.0,0.0067170380355758,0.0028169951930316,0.0159955626180553,0.0603624339481959,0.0012169092203341,0.0055914024377234,0.01545005690881935
464.0,0.0064597738511509,0.0028364290195459,0.01740233969404,0.0580704432944037,0.0012409601565638,0.0054563182339972,0.01524437737495025
465.0,0.0068823798621468,0.0028731544512628,0.0195712419685094,0.0599386711188862,0.0012379886875765,0.0055533180933796,0.01600945903029355
466.0,0.0074449249968941,0.0029140511071725,0.0311911573583594,0.0650351949646708,0.001360340351408,0.0059676805623678,0.018985558223478766
467.0,0.0069903498527612,0.0028686877837653,0.0269646355077195,0.0590130164589425,0.0012966730410803,0.0058485794239015,0.01716365701136172
468.0,0.0063212814795341,0.0028163311124472,0.0225849814395356,0.0566025627312982,0.0012752961872628,0.0055947479072837,0.01586586680956027
469.0,0.005403666031645,0.0027673929450527,0.019355151084768,0.0490007391091173,0.0011657711030335,0.0053722962705563,0.0138441694240288
470.0,0.005196513667227,0.0027962416883285,0.0246096500955204,0.0554493025453954,0.0012218688934291,0.0056042488706269,0.015812970960087883
471.0,0.0056635509337312,0.0028721850646388,0.0271032946472047,0.0706409475264151,0.0012484273940564,0.0062375314565866,0.018960989503772136
472.0,0.0058955997569569,0.0029005987068943,0.0287283465164649,0.0789816645694769,0.0013023380403127,0.0063996094598751,0.020701359508330134
473.0,0.0053067583306985,0.0028706376925515,0.0259858344368232,0.07877920040216,0.0013055235152016,0.0063628864989605,0.020101806812732548
474.0,0.0045690336790017,0.0028352550410306,0.018869877305734,0.0762303517964071,0.0011855833779607,0.0058330222388139,0.018253853906491334
475.0,0.0045593534628026,0.0028070357312002,0.0148973072200832,0.0738157811411563,0.0011015663662914,0.0052969480801419,0.0170796653336126
476.0,0.0050450445580281,0.0028292097094232,0.0148187854908159,0.08042324679864,0.0011278943446585,0.0055680847302119,0.018302044271962935
477.0,0.0055243818556999,0.0028514339526152,0.0144035692747275,0.0876241666072093,0.0012496643744232,0.0056599291748998,0.019552190873262484
478.0,0.005679224938141,0.0028634109749193,0.0106274507600867,0.0878298699643039,0.0013224502098395,0.0055563391735746,0.018979791003477502
479.0,0.0052527359060926,0.0028515893812399,0.0069111400862913,0.0787725684215623,0.0012577067380714,0.0049840342824722,0.016671629135954952
480.0,0.0050516402757492,0.0028564736784069,0.0053891822414289,0.0732100020329335,0.0011955411411751,0.0050015983202728,0.015450739614994399
481.0,0.0047941699887776,0.0028532863470628,0.0043738509164857,0.0679189338894138,0.0011546903014086,0.0046993935173722,0.014299054160086783
482.0,0.004797216237391,0.0028503169179292,0.0040130721595328,0.0701242364799132,0.0012762174226446,0.0048105925358879,0.01464527529221645
483.0,0.0045964517071019,0.0028724180307315,0.0039969214535274,0.0737911909151471,0.0013721476408978,0.0051054639193214,0.015289098944454517
484.0,0.0043749122787711,0.0028956746143199,0.0038334267088881,0.0672826632974594,0.0013365397008883,0.0051626017383996,0.014147636389787733
485.0,0.0042031318532499,0.002894717316177,0.0036778021090833,0.0655255909142289,0.0012595190649882,0.005221619037864,0.013797063382598548
486.0,0.0041800980861482,0.0028777235325866,0.0036426742528713,0.0627302780083591,0.0012610203430804,0.005378741561456,0.013345089297416934
487.0,0.0041787839967718,0.0029139805985907,0.0037709160646421,0.0704629799483539,0.0013494542139051,0.0057940212533518,0.014745022679269233
488.0,0.0041593753853338,0.0029040667715467,0.0036341070910202,0.0666610964893957,0.001288394162458,0.0056123611742816,0.014043233512339333
489.0,0.0040445187907003,0.0028746282859912,0.0035363554591717,0.0643659854325276,0.0012295759885561,0.005408655571416,0.013576619921393815
490.0,0.003940815227705,0.0028645169988642,0.0034569639727136,0.0562981322474993,0.0011455648267686,0.00537735769418,0.012180558494621784
491.0,0.0038177428065554,0.0028535698234875,0.0032615393638285,0.0537467908111622,0.001097391971155,0.0051590579271516,0.011656015450556702
492.0,0.0039354714205368,0.0028621723772449,0.0032808540054127,0.05767875323048,0.0011195875846903,0.0051594292712879,0.012339377981608767
493.0,0.0040865677807812,0.0028661775404062,0.0032589349340961,0.0593005023839237,0.0010226299615363,0.0049735233881622,0.012584722664817619
494.0,0.003712450688069,0.0027581937755494,0.0029523812303436,0.0485994884264376,0.000829346696921,0.0042806251930306,0.010522081001725199
495.0,0.0034115055719638,0.0026585026105664,0.0026389534429261,0.0384517300790555,0.0007303388884793,0.0036844017006051,0.008595905382266034
496.0,0.0038119246857286,0.002735317988789,0.0032108387227328,0.0546138235645219,0.0008939655189871,0.004340019227587,0.011600981618057733
497.0,0.0042254060881027,0.0028229569974083,0.0037433122181595,0.0646110257450175,0.0010536288939346,0.004842844503015,0.013549862407606264
498.0,0.0042187204247345,0.002835864485093,0.0040999946174918,0.0633976063829787,0.0010686191394875,0.0047395727572312,0.01339339630116945
499.0,0.0047985667907723,0.0028335539926846,0.0048337595622188,0.0680007311906579,0.0010554121496654,0.0051757774127389,0.014449633516456317
500.0,0.0049184657549844,0.0027933658698965,0.0049884709050132,0.065764641741282,0.0010297371701218,0.0050878478767933,0.014097088219681865
501.0,0.0049486505208928,0.0027742781611095,0.005482464039214,0.0633158969709626,0.0010758228851664,0.0052558509740076,0.013808827258558818
502.0,0.0053354458431614,0.0028256277507261,0.0062426360342006,0.0647141432236486,0.0010862934261085,0.0055993920208723,0.014300589716452915
503.0,0.005524011396947,0.0028286647743552,0.0065276725167055,0.0580193976912656,0.0010659686108648,0.0055989185350329,0.013260772254195167
504.0,0.0050511045169798,0.0027705046921616,0.0061197154545296,0.0486392643086573,0.0009060756415072,0.0051563164762095,0.011440496848340835
505.0,0.0054451258575946,0.0027743075091407,0.0072845408969828,0.0534821494704096,0.0009230427343694,0.005153263372786,0.012510404973547183
506.0,0.0060034845399777,0.0027834758392412,0.0086458857750181,0.0538854277189832,0.0009608106894863,0.0052773611731586,0.012926074289310849
507.0,0.0043432929486188,0.0027197932308648,0.0044036508448557,0.0394176630251912,0.0009114856213368,0.0045870168154244,0.00939715041438195
508.0,0.0038162439896543,0.0027521422514366,0.003350477828436,0.038727127521102,0.0009350708615356,0.0043542140799361,0.0089892127553501
509.0,0.0047444546037048,0.0027687001373012,0.0044712196401231,0.0414782923799006,0.0010342240695806,0.0043709743254481,0.009811310859343066
510.0,0.0050946398505004,0.0027926058118701,0.0046891578676281,0.0438435964826616,0.0010864643050496,0.004322342409159,0.0103048011211448
511.0,0.0060331525186258,0.0028406489799159,0.0079263203730246,0.0500866002731239,0.0011954113610155,0.004599705948843,0.01211363990909145
512.0,0.0048970939958382,0.0027709306634083,0.0045599077535902,0.0429589140780372,0.001131250225603,0.004400636920345,0.010119788939470317
513.0,0.0042064392486779,0.0026821498594519,0.0012282075588344,0.0383166703513555,0.0010404722670864,0.0040082192587264,0.008580359757355417
514.0,0.0037944189144733,0.002653754434026,0.0009279540120453,0.039674679752776,0.0009961140116284,0.0037721953834041,0.00863651941805885
515.0,0.0045567418614641,0.0026447369278842,0.0068365952382509,0.0434465293425591,0.0010200875471355,0.0041492545750408,0.010442324248722433
516.0,0.0052779301222698,0.002618205146664,0.0098843078698085,0.048341068740592,0.0010243018990625,0.0043489760891543,0.011915798311258516
517.0,0.0043543508795041,0.0025424989236894,0.0038021057816636,0.0441696277561407,0.0008876432258355,0.0040614826478616,0.009969618202449149
518.0,0.0033318571211093,0.0024698483375274,0.0,0.0436766997614571,0.0007931795496696,0.0038248274126823,0.009016068697074284
519.0,0.0021182360870402,0.002398344451257,0.0,0.0404242126845374,0.0007154771075806,0.0035244594807768,0.008196788301865333
520.0,0.0041438810238111,0.0024284439525497,0.0,0.0415646548819658,0.0007501595876393,0.0036198545625753,0.0087511656680902
521.0,0.0048207632665391,0.0025103411924919,0.0,0.0431759767755773,0.0008280873413327,0.0038206384531289,0.009192634504844983
522.0,0.005240876251779,0.0025398701571659,0.0,0.042983912646661,0.0008418066276065,0.0037476818341507,0.009225691252893851
523.0,0.005791961707085,0.0025695817241624,0.0,0.0422447275763185,0.0008717677971325,0.0036910672649034,0.0091948510116003
524.0,0.005247931732832,0.0025899939488429,0.0,0.0444381963744372,0.0009112043073728,0.0037831776453985,0.009495084001480567
525.0,0.0054612115500187,0.0026009704733816,0.0,0.0427372142621988,0.000906760696988,0.0038983576767787,0.0092674191098943
526.0,0.0075252648314354,0.0026855912723089,0.005504947484448,0.0433068646999556,0.0009904992491844,0.0041615966080961,0.010695794024238066
527.0,0.008126945867229,0.002717947175957,0.0083788797795996,0.0460512873790106,0.0010246334187047,0.0044306349181172,0.011788388089769683
528.0,0.0049090757809683,0.0027029833737932,0.0054256256838155,0.0451650821089023,0.0009916493783082,0.0043557121362089,0.0105916880769994
529.0,0.0057128955984893,0.0027223180243319,0.005654428119839,0.0483269044665858,0.0010185335957988,0.0044529915533302,0.011314678559729167
530.0,0.005728805478502,0.0027321571320963,0.0045271102130502,0.0486580642979148,0.0010385653027042,0.0043736057404604,0.011176384694121315
531.0,0.0046343845316009,0.0027240986724032,0.0031691672241974,0.045927314914742,0.0009472318835971,0.0041916323154699,0.01026563825700175
532.0,0.0048570054693202,0.0028072280298469,0.0038661413450346,0.048766488806132,0.0009993222981935,0.004102419813807,0.010899767627055698
533.0,0.0038399633441462,0.0027467732662863,0.0031160181508442,0.0473589072769129,0.0009258791056461,0.0038868282732418,0.01031239490284625
534.0,0.0034643698369984,0.0027343639730914,0.0028724813251629,0.045272622100663,0.0009252238717624,0.0036438551476299,0.009818819375884667
535.0,0.0035344299254963,0.002722633764691,0.0026174376680554,0.0436313206742052,0.0009290656647605,0.0035715699456922,0.009501076273816767
536.0,0.003894012000161,0.0027312829711239,0.0028187250979947,0.0461231687019001,0.0009765542696962,0.0035312987566934,0.010012506966261549
537.0,0.0037354479182475,0.0027288563192841,0.0032090286098902,0.0498943360180054,0.000977560223382,0.0034808964114148,0.010671020916704
538.0,0.0040038410833157,0.0027189679750775,0.0040662959374608,0.0519798682795436,0.0009817036458015,0.0032949028142952,0.01117426328924905
539.0,0.0043620230567304,0.00264792449203,0.0046622520143572,0.0490038987411014,0.0010045036477279,0.0031646818649266,0.01080754730281225
540.0,0.0045182008257615,0.0026890879989425,0.0050674922207508,0.0536662531215216,0.0010543618542212,0.0034601597461651,0.011742592627893783
541.0,0.0045605022293446,0.0028294066994482,0.0054650720512173,0.0627289778055642,0.0011752465894366,0.0039695336653289,0.013454789840056635
542.0,0.0048000017237832,0.0028597873952793,0.0062293752189222,0.0651858241233159,0.0011620625139484,0.0040232685436576,0.014043386586484435
543.0,0.0050818376599289,0.0029335592823231,0.0070786791584243,0.0717163726013283,0.0012501476347535,0.004293519121483,0.015392352576373516
544.0,0.0050474574400517,0.002944689611961,0.0074796504412211,0.0671280678241383,0.001204235052921,0.0043624122484138,0.014694418769784482
545.0,0.0049016154380304,0.0029393351428611,0.0073939616255207,0.064102020030555,0.0012010040760794,0.0045185710343687,0.014176084557902549
546.0,0.004658511844927,0.0030227467623032,0.0070183611838131,0.0681242800921482,0.0012473597131777,0.0050616278181879,0.014855481235759518
547.0,0.004502070026619,0.0030680186407625,0.0064587235755989,0.0704049116601878,0.0013051824916895,0.0053279367058732,0.015177807183455148
548.0,0.004422770068084,0.0030362596611994,0.0057640829474531,0.0676493202286368,0.0012918405353084,0.0051246033176069,0.014548146126381433
549.0,0.0042483204235614,0.0029320599539662,0.0048826253271592,0.0610985375524755,0.0012297580002366,0.0048395779758301,0.013205146538871499
550.0,0.0037168822132843,0.0028933452356728,0.0035787799476545,0.0558140088638075,0.001178309600655,0.0047387110949438,0.011986672826002983
551.0,0.0032532533479654,0.0028193562549571,0.0025021944835917,0.0524845541888683,0.0011393514673933,0.004500084619347,0.011116465727020469
552.0,0.003096836173479,0.0028088055036837,0.0018045064696754,0.0488756100225261,0.0010978731155024,0.0044861838996112,0.010361635864079633
553.0,0.0033083773977719,0.0028208999640032,0.0013383186037913,0.0471549642145889,0.0010723171441368,0.0043355746285897,0.010005075325480301
554.0,0.0034384937700726,0.0027752295377217,0.0009810641349572,0.0434319156827414,0.0010063518140901,0.0039849181245396,0.009269662177353767
555.0,0.0032149104827919,0.0026715454768795,0.0006950267868569,0.0390235262005563,0.00089797206698,0.0036081484298931,0.008351854907326282
556.0,0.0027038675685422,0.0026211185116931,0.0004806024778201,0.0343703908554572,0.0008774563375985,0.0034190151898403,0.007412075156825234
557.0,0.0023996770713208,0.0026240722499293,0.0003254685341295,0.0388516113584666,0.000877275478603,0.0034551348983489,0.008088873265133018
558.0,0.0024268689501002,0.0026542333794256,0.00024594111195,0.0408962115054637,0.0008695672825974,0.0033214123479054,0.008402372429573717
559.0,0.0023422585540163,0.0026859576211472,0.0002485451608702,0.0426746307352329,0.0008989233782587,0.0031690503683902,0.008669894302985917
560.0,0.0027674711149166,0.0027342371963224,0.0003692722823463,0.0446959184914505,0.0009406084584043,0.0033317734432027,0.009139880164440468
561.0,0.0022780770628287,0.0027616295887974,0.0003360149585106,0.0457544251542576,0.000937736537581,0.0033118237074949,0.009229951168245034
562.0,0.0024765818482956,0.0027814065085235,0.0005411132172651,0.0464859946215446,0.0009927962385,0.0035385717675766,0.009469410700284233
563.0,0.0026938359407023,0.0028526542774967,0.0008915785999366,0.0489878395495528,0.0009873084420521,0.0035218516411984,0.009989178075156483
564.0,0.0033491453713132,0.002845612968686,0.0012367092358357,0.0480040941658137,0.000968742446312,0.0033791173823139,0.00996390359504575
565.0,0.003307272183944,0.0028642202964048,0.0010684706939503,0.0467680559317879,0.0009883038602679,0.0034664449459555,0.009743794652051734
566.0,0.0046866364540731,0.0029240973553366,0.001955846864498,0.0509227052529059,0.0010517722992975,0.003986780048714,0.010921306379137519
567.0,0.0055816530280121,0.0029728834602946,0.0017386715549445,0.0544127175692586,0.0010602691298555,0.004163718089352,0.011654985471952884
568.0,0.0058703551865008,0.0029947814142473,0.0019971440839599,0.0562924815781951,0.0010717850590811,0.0041095200813864,0.012056011233895101
569.0,0.0047201509454586,0.0029989233894625,0.0006743745176348,0.0551159358186925,0.0010539907136958,0.0040810067019327,0.011440730347812818
570.0,0.0050908473216515,0.0030923934738678,0.0009509320860107,0.0570498477076431,0.001112129267962,0.0042666941751321,0.011927140672044534
571.0,0.0057074712673606,0.0031850949198095,0.0027451353034958,0.0610727562400424,0.00118521661097,0.0046141324487361,0.013084967798402401
572.0,0.0057089168269876,0.0033002750766961,0.0038831713103685,0.0627333416299246,0.0012373023465421,0.0048221873167361,0.013614199084542498
573.0,0.005709002374265,0.0033659476687582,0.0041958631444738,0.0614696965372802,0.0012509998033739,0.0047566908496909,0.013458033396306997
574.0,0.0038075534676002,0.0033238944586675,0.0030939632826228,0.0556884353711723,0.0011468423900407,0.0045596845834002,0.01193672892558395
575.0,0.0036209272076019,0.0033872902866991,0.0033183158840389,0.0559007968110152,0.0011565739096901,0.0046606922756409,0.01200743272911435
576.0,0.0037560654627452,0.0035187651436898,0.0033741158109042,0.0567436327258962,0.0011723702913576,0.004864509836446,0.012238243211839833
577.0,0.0049392548120248,0.0038135689292953,0.0039767529219374,0.0665057541361601,0.0013363292407341,0.0054847639251674,0.014342737327553182
578.0,0.0051054826687234,0.0040236755758191,0.0039607178799839,0.0669011599935852,0.0013938029503326,0.005715785351612,0.014516770736676036
579.0,0.0052224726107319,0.0042642029786122,0.004077644962104,0.069197884521205,0.0014368339557336,0.0058875942752321,0.015014438883936465
580.0,0.0052357464470642,0.0044614572738058,0.0039776533537831,0.071209697334092,0.0014097058985459,0.0059595770573614,0.015375639560775402
581.0,0.0055008059903874,0.0048241881339073,0.0042144584092139,0.076425799353111,0.0014926388098111,0.0063705522724126,0.016471407161473883
582.0,0.0058535133840746,0.0051836802510767,0.004417909342204,0.0820637540542906,0.0015654486779742,0.0066404822107366,0.017620797986726115
583.0,0.0065826087845721,0.0056850794093172,0.0049508665692861,0.0933232362762189,0.0017174116691617,0.0072860414201839,0.01992420735478998
584.0,0.0066108247274782,0.0060236163047504,0.0052676631910393,0.0960714233060869,0.001778610922425,0.0075289308073527,0.020546844876522082
585.0,0.0067437091964366,0.0063321801086241,0.0055188183432855,0.1015343763546468,0.0018851549142904,0.0078982835829559,0.021652087083373215
586.0,0.0068892975563543,0.0065754934572575,0.0057743321126211,0.1083801371431426,0.0019512155102345,0.0082383031759505,0.02296812982592675
587.0,0.0072448988684393,0.0068383966526571,0.0060425764139009,0.1144028671465901,0.0020801228954249,0.0086457005595112,0.02420909375608725
588.0,0.0073686194732293,0.0070866509558059,0.0062660574949999,0.1171059512387948,0.0021483895517137,0.0088744001707609,0.024808344814217422
589.0,0.0079531675733796,0.0074050533132249,0.0067223961636732,0.123543538928607,0.0022818002049765,0.0092044733940559,0.026185071596319515
590.0,0.0081742286464147,0.0077638988665703,0.0069751685980921,0.1265710978903125,0.0023980276110072,0.0095462578161228,0.026904779904753266
591.0,0.0085601270772313,0.0081359768930728,0.0072656283621346,0.1315119636880621,0.0024844734764149,0.0098706136378537,0.0279714638557949
592.0,0.0092864983953383,0.0086427191677004,0.0077439225177266,0.1391374450625841,0.0026102567086469,0.0102266246106959,0.029607911077115367
593.0,0.009740475648011,0.0091463525770711,0.0079608192536116,0.1446772119749833,0.0027133022133675,0.0107344765721214,0.03082877303986098
594.0,0.0099338992367172,0.0097041929662644,0.0081535758122416,0.1494821319279491,0.0027995564585792,0.0112709836441746,0.031890723340987685
595.0,0.0104030159930098,0.010323037122434,0.0086237977856965,0.1595563918260571,0.0029502287462751,0.0119435864152813,0.0339666763147923
596.0,0.0112967023999148,0.0110536792026422,0.009291253263983,0.1720931024952771,0.0032019880859285,0.0128640610992538,0.036633464424499905
597.0,0.0115846521163195,0.011527932673297,0.0096104185313502,0.1774868678699928,0.0032689455376489,0.0131724094920746,0.03777520437011383
598.0,0.0119822124667432,0.0120092818414259,0.0100699011771054,0.1827978856951637,0.0034004156645308,0.0135397338752739,0.038966571786707156
599.0,0.0120858906091002,0.0123808943141254,0.0100825406438405,0.1854793018535462,0.0034676044894792,0.0139054923804481,0.03956695404842327
600.0,0.0126781248759576,0.0128779913632863,0.010471423120596,0.1926292929686992,0.0036201107332795,0.0145297190269321,0.04113444368145845
601.0,0.0132875993982376,0.0134072828123915,0.0108528171960662,0.1978032376534778,0.0037324832992278,0.0149302872983181,0.04233561794295316
602.0,0.0137780287189263,0.0138458437488394,0.0110772730757484,0.2028801565579931,0.0038431999852973,0.0153388746139798,0.04346056278346405
603.0,0.0138119619370132,0.0141988257444635,0.0111954368431483,0.2063252024160507,0.0038922811123536,0.0155502449554169,0.044162325501407695
604.0,0.0144753579808783,0.0145223464114497,0.0117590672778975,0.2118707045625859,0.0039553517085727,0.0160671152668142,0.045441657201366385
605.0,0.0159270121270623,0.0148628756687628,0.0125722348105131,0.2179742487742808,0.0040396064093524,0.0167652472374514,0.047023537504570466
606.0,0.0169220426929533,0.0150942276166193,0.0141683448671593,0.2234922056798981,0.0040725434325036,0.0172051077371592,0.048492412004382146
607.0,0.0188859367186676,0.0151872394376211,0.0218986286435199,0.2226753297576443,0.0039752598626973,0.0171818975983096,0.04996738200307665
608.0,0.0227195904539015,0.0153602883159024,0.0332300515122255,0.2273071188552863,0.0039694680206556,0.01742862861306,0.053335857628505214
609.0,0.0236075390718183,0.0154940386275947,0.0393381098476071,0.229733879704206,0.0039634393272629,0.0178080194088519,0.05499083766455682
610.0,0.0221642250533125,0.0155927005265367,0.0407812638555722,0.2294084420744258,0.0039067569527677,0.0179558569636836,0.054968207571049754
611.0,0.0201796839978226,0.0156261241271774,0.0399819808634056,0.2281946581726279,0.0038471661127698,0.0179386521561151,0.05429471090498641
612.0,0.0194253344955813,0.0157170034871473,0.0385456259670417,0.2279431424548089,0.0038033888178591,0.0180156575584689,0.05390835879681786
613.0,0.0191992845774106,0.0157988482786712,0.0373572058151318,0.2294524681176329,0.0037707016298579,0.0180436482252765,0.053937026107330144
614.0,0.0190115584496846,0.0159351793104352,0.0351631504885265,0.232676481783412,0.0037887646676618,0.0182107824604576,0.05413098619336296
615.0,0.0174560524209417,0.0161849239739157,0.0273811636802899,0.2355378670660367,0.0038004657734687,0.0187458605770909,0.05318438891529059
616.0,0.0146580896098033,0.0163948770023543,0.0186218240386551,0.2383395091292547,0.0038448469702726,0.0188356569537744,0.051782467284019064
617.0,0.0135703162088655,0.0166739690799219,0.0132736863297765,0.2424915957065579,0.0038811966748031,0.0189464280367538,0.05147286533944644
618.0,0.0142468515040171,0.016786754437952,0.0097735051338836,0.2413971859335721,0.0038292148656715,0.0187972701926418,0.05080513034462302
619.0,0.0154948471945122,0.0170265565501167,0.0074978055164082,0.2446887943112891,0.0038297675395176,0.0192212542911399,0.05129317090049728
620.0,0.0160084764306856,0.0171370532569367,0.0060059732651157,0.2446227433483672,0.0037856264292881,0.0188758907581235,0.05107262724808614
621.0,0.0162831387370226,0.0173079372276633,0.0054232895899275,0.2445657039620029,0.0037040795663105,0.0186937598621721,0.050996318157516485
622.0,0.0165407117424916,0.0174653575664295,0.005515651602904,0.2449136785570508,0.0036919656022793,0.0185445114689894,0.05111197942335743
623.0,0.0165939702984609,0.0175611038871064,0.0058281524114202,0.2479169956654653,0.0037147342820979,0.0186142405796731,0.051704866187370635
624.0,0.0164797681236842,0.0175877517821632,0.0062536242040429,0.2480000954039163,0.0037196009640318,0.0188158351701843,0.05180944594133712
625.0,0.0169736735118517,0.0176690911219509,0.0071412558097911,0.2537653766533155,0.0038719242469826,0.0198889557290842,0.05321837951216266
626.0,0.0172282663443134,0.0177372732768852,0.0081900017227709,0.2577415622364731,0.0039581960676227,0.0200341504577058,0.05414824168429518
627.0,0.0176227714945774,0.017839526811721,0.0095242981608131,0.2595839826882798,0.0040387207574958,0.0202988688347895,0.05481802812461276
628.0,0.0175311190570088,0.0179726399007985,0.0108315908216348,0.261466241465186,0.0041051871655085,0.0205489289485506,0.0554092845597812
629.0,0.0176257346817204,0.0180851875412542,0.0120363980139522,0.2650161056022232,0.0042330550179851,0.0207304063091941,0.05628781452772153
630.0,0.0174801629347083,0.0181128158693718,0.0130638980000911,0.26417394100653,0.0042360138345895,0.0204797513107209,0.05625776382600193
631.0,0.0174176326059582,0.018086785288749,0.0139691412174778,0.2608307953652425,0.004146842956742,0.0199756625888818,0.05573781000384188
632.0,0.0168183970676599,0.0180926224580231,0.0143807721142849,0.2584434972630303,0.0040466221277426,0.0188119498916503,0.055098976820398514
633.0,0.0165532944208843,0.0182429302055188,0.0143828075058436,0.2569559137653872,0.0039885024439791,0.0183749436390714,0.05474973199678073
634.0,0.0160883981501005,0.0184081381265648,0.0143851706276359,0.2574389454032842,0.003975457853649,0.0188892346062537,0.05486422412791469
635.0,0.0162192710118451,0.0185997548382369,0.014515539586189,0.2594478776155343,0.0040657742909765,0.0197898501482928,0.0554396779151791
636.0,0.0156317103883496,0.0186772717193629,0.0142752342204446,0.2587500402485752,0.0039885822541783,0.0194890244863041,0.05513531055286911
637.0,0.0160868454716613,0.0187335781389455,0.0136553942042982,0.2570131431775723,0.003989767385006,0.0196016488988983,0.0548467295460636
638.0,0.0161199147533272,0.0187403136268688,0.0133553508818471,0.2620455862230495,0.0040035456256502,0.0199216610563757,0.055697728694519756
639.0,0.0178410970689828,0.0189114140794422,0.0133715296641621,0.2670116756074471,0.0040929792176372,0.0208248719455211,0.05700892793053208
640.0,0.0200478505918832,0.0191439623636932,0.0141133805704254,0.2728794015526484,0.0042122242447504,0.0215077989776096,0.05865076971683503
641.0,0.0216135732685814,0.0193046350896893,0.0147998231619105,0.2735693236564872,0.0042995690710299,0.0214765674802253,0.0591772486213206
642.0,0.0198130036911139,0.0192562262120092,0.0135749228772831,0.2714384341137953,0.0042665192448926,0.0201360112985396,0.058080852906272275
643.0,0.0197792490272435,0.0190802672954319,0.0124811025559891,0.2688984582153513,0.0041783299358114,0.0192634557821944,0.0572801438020036
644.0,0.0217025708004368,0.0189885841217192,0.0135852895215184,0.2726409186538231,0.0042737123829959,0.0193980808536469,0.058431526055690054
645.0,0.0239516438450942,0.0190325756137781,0.0143576949244698,0.2704687142530313,0.004335037982847,0.0194934772921787,0.058606523985233194
646.0,0.0242159825966425,0.0189234706445263,0.0154823087750237,0.2690673999531944,0.0043614641079891,0.019338059914809,0.058564780998697503
647.0,0.0219519878701884,0.0187292322509512,0.0149639158441905,0.2652763538776987,0.0042818967845185,0.019261762960419,0.05741085826466105
648.0,0.0210943820449165,0.0185788265151763,0.0145537279032953,0.2654557399857007,0.0042884715364828,0.018975015405611,0.05715769389853045
649.0,0.0214853159126963,0.0188100873520423,0.0155022677491671,0.2705432407118327,0.0044561893767348,0.0205892052255362,0.05856438438800157
650.0,0.0203585636834059,0.0190349576167355,0.0155975973070788,0.2735661632649169,0.0045285591193165,0.0215983980823638,0.05911403984563623
651.0,0.018854146659652,0.0191754798942922,0.0152473870924287,0.2704051038764496,0.0043880579535337,0.0215670255921197,0.05827286684474598
652.0,0.0177973949178824,0.0192457714081676,0.0150430317494756,0.2721320665520372,0.0043531138460624,0.0219416168889334,0.05841883256042644
653.0,0.0182002710091874,0.019256774494025,0.015222688656158,0.277006129930573,0.0044132025699073,0.0223657346669593,0.05941080022113499
654.0,0.0181669287939552,0.0191696300084788,0.0147176650101917,0.2770918683287094,0.0043993981091996,0.022365045885591,0.059318422689354285
655.0,0.0163518372418576,0.0189289307771516,0.0135207104993032,0.2730680299143755,0.00418330067892,0.0213839721787212,0.05790613021505484
656.0,0.0175244483853142,0.0190849668392596,0.0133336680825035,0.2785182652726508,0.0042389763539489,0.0220212296193039,0.05912025909216348
657.0,0.0198373063672852,0.0194510659107447,0.0136237339786681,0.2899419419796185,0.0043144594727961,0.0220427437346766,0.06153520857396486
658.0,0.0220461591457113,0.0196834635192679,0.0144851817206999,0.294941766687683,0.0044773905240323,0.0226910147662503,0.06305416272727411
659.0,0.0214075794655261,0.0197122774230968,0.0138156852033573,0.2947105175762577,0.0043834539072303,0.0210153706908204,0.0625074807110481
660.0,0.0181197478991596,0.0197223049575872,0.0118903942303327,0.2860285337188109,0.0041206432033234,0.0188391307090533,0.0597867924530445
661.0,0.0159382188629641,0.0197918863442681,0.0110244165092177,0.2739316201823111,0.0038344484912852,0.0167683155260515,0.05688148431934962
662.0,0.015795835725726,0.0198281036842646,0.0109262646255605,0.2679535183253831,0.0038040815128143,0.016439675460274,0.055791246555670415
663.0,0.0112518896005735,0.0194789808528264,0.0090871556673763,0.2549976379694909,0.0034234104794752,0.0128120180445083,0.051841848769041764
664.0,0.0084551039203957,0.0188095732000189,0.00825768686773,0.2322936379697333,0.0031602717857801,0.0102593465089397,0.046872603375432954
665.0,0.0073646471383413,0.0186935387431737,0.0076309155979815,0.2208437624696194,0.0031189849290242,0.0090023352225232,0.04444236401677721
666.0,0.005467293282594,0.0187262874768989,0.0065848163034239,0.2173141366110809,0.0030881178833036,0.0090650217022765,0.043374278876596305
667.0,0.0026930338865149,0.018710990336196,0.0061128577564891,0.2124481495993838,0.0030111661882189,0.0097686364349331,0.04212413903362263
668.0,0.0014035953497187,0.0187950123670373,0.005054108993986,0.2099839757856315,0.0031540804614882,0.0108232074255579,0.0415356633972366
669.0,0.0020967965343153,0.0191145643226469,0.0067326628799239,0.2210404983983084,0.0033873634075985,0.0126879052733431,0.04417663180268935
670.0,0.0037858448991307,0.0191585153425262,0.0058449003720998,0.2211915054106588,0.003386221243959,0.0141216857447481,0.044581445502187095
671.0,0.0033794992477142,0.0190953284419725,0.0038551328947204,0.2122366044551475,0.0032581614278588,0.0142459827320688,0.042678451533247036
672.0,0.0049580867212874,0.0192914918851785,0.0054354601177735,0.2243584994196241,0.003328790171343,0.0157110087152162,0.04551388950507045
673.0,0.0092487077976708,0.0193613597878372,0.0073445005405284,0.2311442251473539,0.0035193804603138,0.0177645307056523,0.04806378407322606
674.0,0.011782161445403,0.0194790147454485,0.0072242463860528,0.2320250456903546,0.0036629278321703,0.0173467862880198,0.04858669706457483
675.0,0.0111284512054606,0.0195302048103083,0.0055108669959621,0.2326626307397097,0.003432187178736,0.0149631335081831,0.04787124573972664
676.0,0.0161305814879423,0.0196658418626742,0.0083533149782826,0.2429631170271769,0.0036951378154847,0.0154461003618955,0.05104234892224269
677.0,0.0194765728882896,0.0197539947506206,0.0110272095542251,0.2506195703715633,0.0036581416542076,0.0154249020391375,0.053326731876340606
678.0,0.0185936894145017,0.0198306042823903,0.012882155631314,0.2596955451907892,0.0036410437180498,0.0160440129761772,0.05511450853553703
679.0,0.0171264688955911,0.0199180522345973,0.0115871593914076,0.2459841329807329,0.0035904971091371,0.016295980482721,0.05241704851569784
680.0,0.0179217299496949,0.0201567295336958,0.0115839816500744,0.2294743871778755,0.0034383575900904,0.0154398633308897,0.04966917487205345
681.0,0.0210785303247059,0.0206589800953866,0.0127008975009929,0.2417256792727638,0.0038986906665113,0.0173739817271635,0.05290612659792066
682.0,0.0240941729564945,0.0212306969929227,0.0154575772991916,0.2558673928331943,0.0044016676205468,0.0206365828585702,0.05694801509348668
683.0,0.0193676630329898,0.0210940172203026,0.0118893336288608,0.2380608672232696,0.0039671364589244,0.0189752611168286,0.052225713113529304
684.0,0.0216538153958553,0.0210198983380207,0.01374376794407,0.2424998655407949,0.0045165711597126,0.0214361367228299,0.054145009183547234
685.0,0.0229144578458175,0.0206239940643481,0.0135836063357912,0.2476909862123318,0.0045340216823151,0.0217098153813372,0.055176146920323486
686.0,0.0248117600560155,0.0204486834968525,0.0143815585480543,0.2653601634460639,0.0046331720197437,0.0218155108517829,0.05857514140308547
687.0,0.0234693613265568,0.0197815917936739,0.0130884460238036,0.2702129952228727,0.0042894079976795,0.0205900043077873,0.058571967778728966
688.0,0.0208890157510963,0.0194732578505552,0.0129390712164928,0.27822253046666,0.004038352369144,0.0194728348574502,0.05917251041856642
689.0,0.0224088286722439,0.0193834419615339,0.0136465024593043,0.2915306515871996,0.0042192732459995,0.0194540934292407,0.061773798559253655
690.0,0.0230147402484443,0.0193344996690493,0.0141290575038199,0.3006007240515058,0.0042171457663552,0.0191671030658824,0.06341054505084281
691.0,0.0185371790086029,0.0191780347817527,0.0115401217368769,0.2836868237522601,0.0036020244157438,0.013387096397828,0.05832188001551073
692.0,0.0193549951405404,0.0199682564315838,0.0121449854225883,0.2903898469613988,0.0038509962148558,0.0131817152106692,0.059815132563606044
693.0,0.0166497307954804,0.0202234495888553,0.0107987767638727,0.2753877297288681,0.003516919618117,0.0107215080713893,0.056216352427763794
694.0,0.0150786698446975,0.0207538387743914,0.0118997990024566,0.2884596351159645,0.0036656179197392,0.0106210363193603,0.05841309949610158
695.0,0.0166650287528328,0.0206895475229475,0.0108818205215735,0.2754986149584487,0.0030602367373278,0.0090248629107246,0.05597001856730915
696.0,0.0110764901794017,0.0203193203521658,0.0084007328939986,0.2561624238867288,0.0021405422189446,0.0095263454582022,0.05127097583157361
697.0,0.0201323133436758,0.0210860879410713,0.0116056873979114,0.2974564546454291,0.003460706387712,0.0174530334618385,0.06186571386293968
698.0,0.0236068278504932,0.0216141646965146,0.0165218410679483,0.3112058981384706,0.0039165154880385,0.0214482823330149,0.06638558826241335
699.0,0.0233508333145565,0.021871715561383,0.0169155972143138,0.2981354198445884,0.0041427320585024,0.0223612841578686,0.06446293035853545
700.0,0.0274507968453815,0.0219523684350395,0.0167147367421544,0.3043478260869565,0.0045082077442375,0.0230753067063216,0.06634154042668182
701.0,0.0282465782950749,0.0222039220548315,0.017334417357134,0.3099177901017478,0.0052129745975842,0.0276509786807955,0.06842777684786132
702.0,0.0263738615920129,0.0227178652970539,0.0185577185762251,0.3072916666666667,0.0061916988111607,0.0332084186072238,0.06905687159172384
703.0,0.0274425603137838,0.022880824432338,0.0173376188650767,0.3010809129437381,0.0062504670556609,0.0298965832476288,0.06748149447637104
704.0,0.0226755124269729,0.022801184603418,0.0157662856502876,0.2680066445182724,0.0054519005276426,0.0276599289535222,0.060393576113352616
705.0,0.021760710896536,0.022973136873148,0.0151358642927757,0.2436756035154077,0.005291587131464,0.0292072430249916,0.0563406909557205
706.0,0.0200176577211283,0.0230549845932758,0.0143934640583354,0.2383774685284843,0.0044549662620147,0.0302766430445983,0.05509586403463947
707.0,0.0189443496487092,0.0231712501360428,0.0142236162896352,0.2027590568610787,0.0037800577379479,0.0299347302874134,0.04880217682680452
708.0,0.0182141716396158,0.0227005666430285,0.0138056273007851,0.1647436755454423,0.002499471770564,0.0226846970871925,0.040774701664438036
709.0,0.0177051546157659,0.0223514528517205,0.013744620367472,0.1135315404810899,0.0013733856894426,0.0148029803382493,0.030584855723956705
710.0,0.0168765792828479,0.0225100529690283,0.0136518532215596,0.0931561418402664,0.0008225755667506,0.0121336274818783,0.02652513839372185
711.0,0.0155956543930967,0.0228166812301135,0.013269165210428,0.0615539159652222,0.0003551227816686,0.0042268823765794,0.0196362369928514
712.0,0.0150764461397961,0.023314472163786,0.0129086492130517,0.0802962879513321,0.0002063359182482,0.0023276004630395,0.022354965308208935
713.0,0.0130845693363659,0.0232518149034587,0.0123392751702453,0.0448108706439177,0.0,0.0,0.015581088342331267
714.0,0.0137994784970746,0.0232650168444581,0.0131850405674856,0.1063598545890641,0.0004108624492829,0.0,0.02617004215789422
715.0,0.0127925208672874,0.0225242353892201,0.0125451412592589,0.0836926443143059,0.0,0.0,0.021925756971678718
716.0,0.0096246555004735,0.0215982238070088,0.0111226950906403,0.0914739095755845,0.0,0.0,0.022303247328951184
717.0,0.0039882525994409,0.0208671016648646,0.006983986370056,0.1030059112061376,0.0003844759407434,0.0,0.022538287963540418
718.0,0.0,0.0203553358783304,0.0006909432129161,0.1196627197703623,0.0006057543855703,0.0,0.023552458874529853
719.0,0.0,0.019575719676362,0.0,0.0354122892430687,0.0,0.0,0.009164668153238449
720.0,0.0,0.0190805173400255,0.0,0.0,0.0,0.0,0.003180086223337583
721.0,0.0,0.0187374853627002,0.0,0.0,0.0,0.0,0.0031229142271167
722.0,0.0,0.0195413829722509,0.0,0.0,0.0,0.0,0.003256897162041817
723.0,0.0,0.0214408418342695,0.0,0.0,0.0,0.0,0.0035734736390449166
724.0,0.0,0.0214860546988534,0.0,0.0,0.0002199585284221,0.0,0.0036176688712125835
725.0,0.0,0.0221741645071196,0.0,0.0,0.0028384458824281,0.0,0.00416876839825795
726.0,0.0,0.0210322927799061,0.0,0.0,0.0009045341554185,0.0,0.0036561378225540998
727.0,0.0,0.0199511926404927,0.0,0.0,0.0,0.0,0.00332519877341545
728.0,0.0,0.0200012267740703,0.0,0.0,0.0005810285866064,0.0,0.003430375893446117
729.0,0.0,0.0206699427775668,0.0,0.0,0.0011380626157588,0.0,0.0036346675655542665
730.0,0.0,0.0210359637329173,0.0,0.0,0.0,0.0,0.003505993955486217
731.0,0.0,0.0216781999772316,0.0,0.0,0.0,0.0,0.0036130333295386
732.0,0.0,0.020793606302211,0.0,0.0,0.0,0.0,0.0034656010503684997
733.0,0.0,0.0210184793445105,0.0,0.0,0.0,0.0,0.00350307989075175
734.0,0.0,0.0237797644156501,0.0,0.0,0.0,0.0,0.003963294069275016
735.0,0.0,0.0248739833456025,0.0,0.0,0.0007506161030403,0.0,0.0042707665747738
736.0,0.0,0.0254679941760852,0.0081027218852158,0.0,0.0016115601476503,0.0,0.005863712701491883
737.0,0.0,0.0245076962277073,0.0,0.0,0.0,0.0,0.004084616037951217
738.0,0.0,0.0246035500518697,0.0076090869095708,0.0,0.0025460024791977,0.0,0.0057931065734397
739.0,0.0,0.0244789768697937,0.0,0.0,0.0002589779005524,0.0042623170895422,0.004833378643314717
740.0,0.0147140715356607,0.0253070584048211,0.0088443939440469,0.053324218082379,0.0025266121859682,0.0140145774698708,0.019788488603791114
741.0,0.0,0.0236802639218731,0.0,0.0,0.0,0.0,0.003946710653645516
742.0,0.0,0.0236344616029251,0.0,0.0,0.0,0.0,0.00393907693382085
743.0,0.0,0.0228749963425799,0.0,0.0,0.0,0.0,0.0038124993904299835
744.0,0.0,0.0235014068768294,0.0,0.0,0.0,0.0,0.003916901146138233
745.0,0.0,0.0238792837942766,0.0,0.0,0.0,0.0,0.003979880632379433
746.0,0.0191946284233765,0.0254429191154135,0.0159565758449043,0.0875623764240655,0.0075121895906565,0.0,0.025944781566402716
747.0,0.055812594360298,0.0261855133877978,0.02624163794851,0.2527127066220465,0.0133332287179648,0.0258292297686518,0.0666858184675448
748.0,0.0774632433618608,0.0269734055117147,0.0298144124806952,0.3573417843080764,0.015406421396438,0.0586535574902431,0.09427547075817137
749.0,0.0593415768756709,0.0261835906090879,0.0236890714163297,0.1055867415129644,0.0093546521472379,0.0435579429654791,0.04461892925446165
750.0,0.0773046213404306,0.026751875114447,0.0316526632295764,0.1472759928158052,0.0106558133164122,0.0751345532831001,0.06146258651662859
751.0,0.0893667267416568,0.0263684900181791,0.0349406191186968,0.1166917531490137,0.0099627513595982,0.0860872164469095,0.06056959280567568
752.0,0.0910972513522463,0.0264606583375752,0.0344520420109608,0.0791394918718972,0.0090047560124559,0.0844445406528703,0.05409979003966762
753.0,0.0461963520569435,0.0260082980251872,0.0258592141448173,0.0,0.0009055630549592,0.0416407479234512,0.023435029200893066
754.0,0.0286791703880123,0.0269266255222713,0.0258499795717803,0.0,0.0,0.0,0.013575962580343983
755.0,0.020948390782708,0.0285634166331133,0.027510641652215,0.0,0.0,0.0,0.012837074844672716
756.0,0.01021322343666,0.0290811775624972,0.0189616339730879,0.0,0.0,0.0,0.00970933916204085
757.0,0.0,0.0264201006412648,0.0,0.0,0.0,0.0,0.004403350106877466
758.0,0.0,0.0246403102650451,0.0,0.0,0.0,0.0,0.004106718377507516
759.0,0.0,0.021265331212069,0.0,0.0,0.0,0.0,0.0035442218686781665
760.0,0.0105121719886184,0.0188914492408409,0.0,0.0,0.0,0.0,0.004900603538243216
761.0,0.0287015640175491,0.0159409792645626,0.0,0.0,0.0,0.0,0.00744042388035195
762.0,0.056312098188194,0.0127854109859304,0.0029731971132638,0.0,0.0,0.0,0.012011784381231365
763.0,0.0831187379628227,0.0126936239087029,0.0099669548382789,0.0,0.002347126503913,0.0,0.01802107386895292
764.0,0.1058530829998974,0.0162705528631505,0.0186964892876162,0.0,0.0049230388706025,0.0162593206296603,0.027000414108487816
765.0,0.0786253744567739,0.0194813939549618,0.0114073221245144,0.0,0.0005372571818054,0.0,0.018341891286342584
766.0,0.0660069595476294,0.0228337982408138,0.0066872515737218,0.0,0.0,0.0,0.015921334893694166
767.0,0.0271903323262839,0.0245804885977753,0.0,0.0,0.0,0.0,0.008628470154009867
768.0,0.0,0.024659139495062,0.0,0.0,0.0,0.0,0.004109856582510333
769.0,0.0,0.0253899524954865,0.0,0.0,0.0,0.0,0.00423165874924775
770.0,0.0,0.0271218105083826,0.0,0.0,0.0,0.0,0.0045203017513971
771.0,0.0,0.027502291176894,0.0,0.0,0.0,0.0,0.004583715196149
772.0,0.0,0.0273250812613605,0.0,0.0,0.0,0.0,0.00455418021022675
773.0,0.0,0.0267067388490791,0.0,0.0,0.0,0.0,0.0044511231415131835
774.0,0.0,0.0258270025409364,0.0,0.0,0.0,0.0,0.0043045004234894
775.0,0.0,0.025555852900128,0.0,0.0,0.0,0.0,0.004259308816688
776.0,0.0,0.0253290439201879,0.0160874658336587,0.0,0.0,0.0,0.0069027516256411
777.0,0.0,0.0241825903633575,0.0,0.0,0.0,0.0,0.00403043172722625
778.0,0.0,0.0236106735621081,0.0,0.0,0.0,0.0,0.00393511226035135
779.0,0.0,0.0233232386114226,0.0,0.0,0.0,0.0,0.0038872064352371
780.0,0.0,0.0219846874535657,0.0,0.0,0.0,0.0,0.0036641145755942836
,,0.0222287259513457,,,,,0.0222287259513457
